n_estimators,max_samples,auc_roc,auc_pr,f1,precision,recall,fpr,fit_s
200,256,0.1017,0.4439,0.7747,0.6383,0.9852,0.9997,1.8
200,128,0.1006,0.4438,0.7743,0.6381,0.9844,0.9996,1.7
300,128,0.1003,0.4437,0.7745,0.6382,0.9848,0.9996,2.4
200,512,0.1003,0.4436,0.7753,0.6386,0.9864,0.9996,2.0
100,512,0.0967,0.4427,0.7745,0.6382,0.9847,0.9997,1.3
300,256,0.0958,0.4425,0.7749,0.6384,0.9857,0.9996,2.5
300,512,0.0945,0.4422,0.7748,0.6384,0.9855,0.9996,2.8
100,256,0.0932,0.4418,0.7744,0.6382,0.9846,0.9996,1.2
100,128,0.0926,0.4417,0.7746,0.6383,0.9849,0.9995,1.2
